{
  "project_info": {
    "project_number": "794872261983",
    "firebase_url": "https://projectfirebase-79ff8.firebaseio.com",
    "project_id": "projectfirebase-79ff8",
    "storage_bucket": "projectfirebase-79ff8.appspot.com"
  },
  "client": [
    {
      "client_info": {
        "mobilesdk_app_id": "1:794872261983:android:2f112f1d67276ff2811aea",
        "android_client_info": {
          "package_name": "com.example.projectfirebase"
        }
      },
      "oauth_client": [
        {
          "client_id": "794872261983-ee4u20p18nk1vg4u0ob0m45a0hct6rv5.apps.googleusercontent.com",
          "client_type": 1,
          "android_info": {
            "package_name": "com.example.projectfirebase",
            "certificate_hash": "639507191596d54459a7e27e3a6b4ac16fa969ce"
          }
        },
        {
          "client_id": "794872261983-jftkg97i7mg100hgo0hffoutofl48ad0.apps.googleusercontent.com",
          "client_type": 3
        }
      ],
      "api_key": [
        {
          "current_key": "AIzaSyAcftNl8fL6cnkWKt4UTAcefvo9DrbssYI"
        }
      ],
      "services": {
        "appinvite_service": {
          "other_platform_oauth_client": [
            {
              "client_id": "794872261983-jftkg97i7mg100hgo0hffoutofl48ad0.apps.googleusercontent.com",
              "client_type": 3
            }
          ]
        }
      }
    }
  ],
  "configuration_version": "1"
}